day,dayDelta,speedIndex,wantsMacro,settlementId,factionId,warId,isAttacker,targetSettlementId,population,stockFood,stockWood,stability,unrest,borderPressure,warPressure,captureProgress,captureLeaderFactionId,foodEmergency,soldiersPreEmergency,warSoldierFloor,targetFarmers,targetGatherers,targetBuilders,targetGuards,targetSoldiers,targetScouts,targetIdle,roleIdle,roleGatherer,roleFarmer,roleBuilder,roleGuard,roleSoldier,roleScout,armyIdle,armyRally,armyMarch,armySiege,armyDefend,armyRetreat,soldiersTracked,soldiersInEnemyTerritory,soldiersInTargetTerritory
220,20,0,0,1,1,-1,0,-1,300,0,2,59,0,0,0,0.00,-1,1,20,0,0,180,17,0,0,0,103,103,180,0,17,0,0,0,0,0,0,0,0,0,0,0,0
220,20,0,0,2,2,-1,0,-1,350,0,0,58,0,0,0,0.00,-1,1,23,0,0,210,19,0,0,0,121,121,210,0,19,0,0,0,0,0,0,0,0,0,0,0,0
220,20,0,0,3,2,-1,0,-1,300,0,0,56,0,0,0,0.00,-1,1,20,0,0,180,17,0,0,0,103,103,180,0,17,0,0,0,0,0,0,0,0,0,0,0,0
220,20,0,0,4,2,-1,0,-1,83,0,0,70,0,0,0,0.00,-1,1,5,0,0,49,2,0,0,0,32,32,49,0,2,0,0,0,0,0,0,0,0,0,0,0,0
220,20,0,0,5,2,-1,0,-1,0,100,0,80,0,0,0,0.00,-1,0,0,0,0,0,0,0,0,0,0,0,0,0,0,0,0,0,0,0,0,0,0,0,0,0,0
220,20,0,0,6,2,-1,0,-1,469,0,0,65,0,0,0,0.00,-1,1,0,0,0,244,0,0,0,0,225,225,244,0,0,0,0,0,0,0,0,0,0,0,0,0,0
220,20,0,0,7,2,-1,0,-1,198,0,0,63,0,0,0,0.00,-1,1,0,0,0,102,0,0,0,0,96,96,102,0,0,0,0,0,0,0,0,0,0,0,0,0,0
240,20,0,0,1,1,-1,0,-1,300,0,2,58,0,0,0,0.00,-1,1,20,0,0,180,17,0,0,0,103,103,180,0,17,0,0,0,0,0,0,0,0,0,0,0,0
240,20,0,0,2,2,-1,0,-1,350,0,0,56,0,0,0,0.00,-1,1,23,0,0,210,19,0,0,0,121,121,210,0,19,0,0,0,0,0,0,0,0,0,0,0,0
240,20,0,0,3,2,-1,0,-1,300,0,0,55,0,0,0,0.00,-1,1,20,0,0,180,17,0,0,0,103,103,180,0,17,0,0,0,0,0,0,0,0,0,0,0,0
240,20,0,0,4,2,-1,0,-1,83,0,0,66,0,0,0,0.00,-1,1,5,0,0,49,2,0,0,0,32,32,49,0,2,0,0,0,0,0,0,0,0,0,0,0,0
240,20,0,0,5,2,-1,0,-1,0,100,0,80,0,0,0,0.00,-1,0,0,0,0,0,0,0,0,0,0,0,0,0,0,0,0,0,0,0,0,0,0,0,0,0,0
240,20,0,0,6,2,-1,0,-1,492,0,0,62,0,0,0,0.00,-1,1,0,0,0,256,0,0,0,0,236,236,256,0,0,0,0,0,0,0,0,0,0,0,0,0,0
240,20,0,0,7,2,-1,0,-1,198,0,1,61,0,0,0,0.00,-1,1,0,0,0,102,0,0,0,0,96,96,102,0,0,0,0,0,0,0,0,0,0,0,0,0,0
240,20,0,0,8,1,-1,0,-1,0,90,0,80,0,4,4,0.00,-1,0,0,0,0,0,0,0,0,0,0,0,0,0,0,0,0,0,0,0,0,0,0,0,0,0,0
240,20,0,0,9,2,-1,0,-1,509,0,0,66,0,0,0,0.00,-1,1,0,0,0,265,0,0,0,0,244,244,265,0,0,0,0,0,0,0,0,0,0,0,0,0,0
240,20,0,0,10,2,-1,0,-1,768,0,0,64,0,4,4,0.00,-1,1,61,0,0,460,1,0,0,0,307,307,460,0,1,0,0,0,0,0,0,0,0,0,0,0,0
260,20,0,0,1,1,-1,0,-1,300,0,5,57,0,0,0,0.00,-1,1,20,0,0,180,17,0,0,0,103,103,180,0,17,0,0,0,0,0,0,0,0,0,0,0,0
260,20,0,0,2,2,-1,0,-1,350,0,1,55,0,0,0,0.00,-1,1,23,0,0,210,19,0,0,0,121,121,210,0,19,0,0,0,0,0,0,0,0,0,0,0,0
260,20,0,0,3,2,-1,0,-1,300,0,0,54,0,0,0,0.00,-1,1,20,0,0,180,17,0,0,0,103,103,180,0,17,0,0,0,0,0,0,0,0,0,0,0,0
260,20,0,0,4,2,-1,0,-1,83,0,0,63,0,0,0,0.00,-1,1,5,0,0,49,2,0,0,0,32,32,49,0,2,0,0,0,0,0,0,0,0,0,0,0,0
260,20,0,0,5,2,-1,0,-1,0,100,0,80,0,0,0,0.00,-1,0,0,0,0,0,0,0,0,0,0,0,0,0,0,0,0,0,0,0,0,0,0,0,0,0,0
260,20,0,0,6,2,-1,0,-1,492,0,0,60,0,0,0,0.00,-1,1,32,0,0,295,27,0,0,0,170,170,295,0,27,0,0,0,0,0,0,0,0,0,0,0,0
260,20,0,0,7,2,-1,0,-1,198,0,2,59,0,0,0,0.00,-1,1,13,0,0,118,10,0,0,0,70,70,118,0,10,0,0,0,0,0,0,0,0,0,0,0,0
260,20,0,0,8,1,-1,0,-1,0,90,0,80,0,2,2,0.00,-1,0,0,0,0,0,0,0,0,0,0,0,0,0,0,0,0,0,0,0,0,0,0,0,0,0,0
260,20,0,0,9,2,-1,0,-1,584,0,0,63,0,0,0,0.00,-1,1,0,0,0,304,0,0,0,0,280,280,304,0,0,0,0,0,0,0,0,0,0,0,0,0,0
260,20,0,0,10,2,-1,0,-1,781,0,0,60,0,3,3,0.00,-1,1,54,0,0,460,0,0,0,0,321,321,460,0,0,0,0,0,0,0,0,0,0,0,0,0,0
260,20,0,0,11,1,-1,0,-1,0,50,0,80,0,5,5,0.00,-1,0,0,0,0,0,0,0,0,0,0,0,0,0,0,0,0,0,0,0,0,0,0,0,0,0,0
260,20,0,0,12,2,-1,0,-1,487,0,0,62,0,4,4,0.00,-1,1,38,0,0,290,0,0,0,0,197,197,290,0,0,0,0,0,0,0,0,0,0,0,0,0,0
280,20,0,0,1,1,-1,0,-1,300,0,5,56,0,0,0,0.00,-1,1,20,0,0,180,17,0,0,0,103,103,180,0,17,0,0,0,0,0,0,0,0,0,0,0,0
280,20,0,0,2,2,-1,0,-1,350,0,1,54,0,0,0,0.00,-1,1,23,0,0,210,19,0,0,0,121,121,210,0,19,0,0,0,0,0,0,0,0,0,0,0,0
280,20,0,0,3,2,-1,0,-1,300,0,0,53,0,0,0,0.00,-1,1,20,0,0,180,17,0,0,0,103,103,180,0,17,0,0,0,0,0,0,0,0,0,0,0,0
280,20,0,0,4,2,-1,0,-1,83,0,0,61,0,0,0,0.00,-1,1,5,0,0,49,2,0,0,0,32,32,49,0,2,0,0,0,0,0,0,0,0,0,0,0,0
280,20,0,0,5,2,-1,0,-1,0,100,0,80,0,0,0,0.00,-1,0,0,0,0,0,0,0,0,0,0,0,0,0,0,0,0,0,0,0,0,0,0,0,0,0,0
280,20,0,0,6,2,-1,0,-1,492,2,0,58,0,0,0,0.00,-1,1,32,0,0,295,27,0,0,0,170,170,295,0,27,0,0,0,0,0,0,0,0,0,0,0,0
280,20,0,0,7,2,-1,0,-1,198,0,4,57,0,0,0,0.00,-1,1,13,0,0,118,10,0,0,0,70,70,118,0,10,0,0,0,0,0,0,0,0,0,0,0,0
280,20,0,0,8,1,-1,0,-1,0,90,0,80,0,4,4,0.00,-1,0,0,0,0,0,0,0,0,0,0,0,0,0,0,0,0,0,0,0,0,0,0,0,0,0,0
280,20,0,0,9,2,-1,0,-1,584,0,0,60,0,0,0,0.00,-1,1,0,0,0,304,0,0,0,0,280,280,304,0,0,0,0,0,0,0,0,0,0,0,0,0,0
280,20,0,0,10,2,-1,0,-1,781,0,0,59,0,0,0,0.00,-1,1,0,0,0,406,0,0,0,0,375,375,406,0,0,0,0,0,0,0,0,0,0,0,0,0,0
280,20,0,0,11,1,-1,0,-1,0,50,0,80,0,5,5,0.00,-1,0,0,0,0,0,0,0,0,0,0,0,0,0,0,0,0,0,0,0,0,0,0,0,0,0,0
280,20,0,0,12,2,-1,0,-1,487,0,0,57,0,2,2,0.00,-1,1,29,0,0,281,0,0,0,0,206,206,281,0,0,0,0,0,0,0,0,0,0,0,0,0,0
280,20,0,0,13,2,-1,0,-1,0,50,0,80,0,7,7,0.00,-1,0,0,0,0,0,0,0,0,0,0,0,0,0,0,0,0,0,0,0,0,0,0,0,0,0,0
300,20,0,0,1,1,-1,0,-1,300,0,5,57,0,0,0,0.00,-1,1,20,0,0,180,17,0,0,0,103,103,180,0,17,0,0,0,0,0,0,0,0,0,0,0,0
300,20,0,0,2,2,-1,0,-1,350,0,2,53,0,0,0,0.00,-1,1,23,0,0,210,19,0,0,0,121,121,210,0,19,0,0,0,0,0,0,0,0,0,0,0,0
300,20,0,0,3,2,-1,0,-1,300,0,0,52,0,0,0,0.00,-1,1,20,0,0,180,17,0,0,0,103,103,180,0,17,0,0,0,0,0,0,0,0,0,0,0,0
300,20,0,0,4,2,-1,0,-1,83,0,0,59,0,0,0,0.00,-1,1,5,0,0,49,2,0,0,0,32,32,49,0,2,0,0,0,0,0,0,0,0,0,0,0,0
300,20,0,0,5,2,-1,0,-1,0,100,0,80,0,0,0,0.00,-1,0,0,0,0,0,0,0,0,0,0,0,0,0,0,0,0,0,0,0,0,0,0,0,0,0,0
300,20,0,0,6,2,-1,0,-1,492,0,0,56,0,0,0,0.00,-1,1,32,0,0,295,27,0,0,0,170,170,295,0,27,0,0,0,0,0,0,0,0,0,0,0,0
300,20,0,0,7,2,-1,0,-1,198,0,4,56,0,0,0,0.00,-1,1,13,0,0,118,10,0,0,0,70,70,118,0,10,0,0,0,0,0,0,0,0,0,0,0,0
300,20,0,0,8,1,-1,0,-1,0,90,0,80,0,4,4,0.00,-1,0,0,0,0,0,0,0,0,0,0,0,0,0,0,0,0,0,0,0,0,0,0,0,0,0,0
300,20,0,0,9,2,-1,0,-1,584,0,1,58,0,0,0,0.00,-1,1,38,0,0,350,32,0,0,0,202,202,350,0,32,0,0,0,0,0,0,0,0,0,0,0,0
300,20,0,0,10,2,-1,0,-1,781,0,0,58,0,0,0,0.00,-1,1,52,0,0,468,44,0,0,0,269,269,468,0,44,0,0,0,0,0,0,0,0,0,0,0,0
300,20,0,0,11,1,-1,0,-1,0,50,0,80,0,5,5,0.00,-1,0,0,0,0,0,0,0,0,0,0,0,0,0,0,0,0,0,0,0,0,0,0,0,0,0,0
300,20,0,0,12,2,-1,0,-1,487,0,0,53,0,2,2,0.00,-1,1,29,0,0,281,0,0,0,0,206,206,281,0,0,0,0,0,0,0,0,0,0,0,0,0,0
300,20,0,0,13,2,-1,0,-1,0,50,0,80,0,7,7,0.00,-1,0,0,0,0,0,0,0,0,0,0,0,0,0,0,0,0,0,0,0,0,0,0,0,0,0,0
320,20,0,0,1,1,-1,0,-1,300,0,5,56,0,0,0,0.00,-1,1,20,0,0,180,17,0,0,0,103,103,180,0,17,0,0,0,0,0,0,0,0,0,0,0,0
320,20,0,0,2,2,-1,0,-1,350,0,2,52,0,0,0,0.00,-1,1,23,0,0,210,19,0,0,0,121,121,210,0,19,0,0,0,0,0,0,0,0,0,0,0,0
320,20,0,0,3,2,-1,0,-1,300,0,0,51,0,0,0,0.00,-1,1,20,0,0,180,17,0,0,0,103,103,180,0,17,0,0,0,0,0,0,0,0,0,0,0,0
320,20,0,0,4,2,-1,0,-1,83,0,0,58,0,0,0,0.00,-1,1,5,0,0,49,2,0,0,0,32,32,49,0,2,0,0,0,0,0,0,0,0,0,0,0,0
320,20,0,0,5,2,-1,0,-1,0,100,0,80,0,0,0,0.00,-1,0,0,0,0,0,0,0,0,0,0,0,0,0,0,0,0,0,0,0,0,0,0,0,0,0,0
320,20,0,0,6,2,-1,0,-1,492,100,0,55,0,0,0,0.00,-1,1,32,0,0,295,27,0,0,0,170,170,295,0,27,0,0,0,0,0,0,0,0,0,0,0,0
320,20,0,0,7,2,-1,0,-1,198,0,4,55,0,0,0,0.00,-1,1,13,0,0,118,10,0,0,0,70,70,118,0,10,0,0,0,0,0,0,0,0,0,0,0,0
320,20,0,0,8,1,-1,0,-1,0,90,0,80,0,4,4,0.00,-1,0,0,0,0,0,0,0,0,0,0,0,0,0,0,0,0,0,0,0,0,0,0,0,0,0,0
320,20,0,0,9,2,-1,0,-1,584,0,2,56,0,0,0,0.00,-1,1,38,0,0,350,32,0,0,0,202,202,350,0,32,0,0,0,0,0,0,0,0,0,0,0,0
320,20,0,0,10,2,-1,0,-1,781,0,0,57,0,0,0,0.00,-1,1,52,0,0,468,44,0,0,0,269,269,468,0,44,0,0,0,0,0,0,0,0,0,0,0,0
320,20,0,0,11,1,-1,0,-1,0,50,0,80,0,5,5,0.00,-1,0,0,0,0,0,0,0,0,0,0,0,0,0,0,0,0,0,0,0,0,0,0,0,0,0,0
320,20,0,0,12,2,-1,0,-1,487,0,0,50,0,2,2,0.00,-1,1,32,0,0,292,25,0,0,0,170,170,292,0,25,0,0,0,0,0,0,0,0,0,0,0,0
320,20,0,0,13,2,-1,0,-1,0,50,0,80,0,7,7,0.00,-1,0,0,0,0,0,0,0,0,0,0,0,0,0,0,0,0,0,0,0,0,0,0,0,0,0,0
340,20,0,0,1,1,-1,0,-1,300,0,6,57,0,0,0,0.00,-1,1,20,0,0,180,17,0,0,0,103,103,180,0,17,0,0,0,0,0,0,0,0,0,0,0,0
340,20,0,0,2,2,-1,0,-1,350,0,3,51,0,0,0,0.00,-1,1,23,0,0,210,19,0,0,0,121,121,210,0,19,0,0,0,0,0,0,0,0,0,0,0,0
340,20,0,0,3,2,-1,0,-1,300,0,0,50,0,0,0,0.00,-1,1,20,0,0,180,17,0,0,0,103,103,180,0,17,0,0,0,0,0,0,0,0,0,0,0,0
340,20,0,0,4,2,-1,0,-1,83,0,0,57,0,0,0,0.00,-1,1,5,0,0,49,2,0,0,0,32,32,49,0,2,0,0,0,0,0,0,0,0,0,0,0,0
340,20,0,0,5,2,-1,0,-1,0,100,0,80,0,0,0,0.00,-1,0,0,0,0,0,0,0,0,0,0,0,0,0,0,0,0,0,0,0,0,0,0,0,0,0,0
340,20,0,0,6,2,-1,0,-1,492,0,0,54,0,0,0,0.00,-1,1,32,0,0,295,27,0,0,0,170,170,295,0,27,0,0,0,0,0,0,0,0,0,0,0,0
340,20,0,0,7,2,-1,0,-1,198,0,4,54,0,0,0,0.00,-1,1,13,0,0,118,10,0,0,0,70,70,118,0,10,0,0,0,0,0,0,0,0,0,0,0,0
340,20,0,0,8,1,-1,0,-1,0,90,0,80,0,4,4,0.00,-1,0,0,0,0,0,0,0,0,0,0,0,0,0,0,0,0,0,0,0,0,0,0,0,0,0,0
340,20,0,0,9,2,-1,0,-1,584,0,2,55,0,0,0,0.00,-1,1,38,0,0,350,32,0,0,0,202,202,350,0,32,0,0,0,0,0,0,0,0,0,0,0,0
340,20,0,0,10,2,-1,0,-1,781,0,0,56,0,0,0,0.00,-1,1,52,0,0,468,44,0,0,0,269,269,468,0,44,0,0,0,0,0,0,0,0,0,0,0,0
340,20,0,0,11,1,-1,0,-1,0,50,0,80,0,5,5,0.00,-1,0,0,0,0,0,0,0,0,0,0,0,0,0,0,0,0,0,0,0,0,0,0,0,0,0,0
340,20,0,0,12,2,-1,0,-1,487,0,0,47,0,2,2,0.00,-1,1,32,0,0,292,25,0,0,0,170,170,292,0,25,0,0,0,0,0,0,0,0,0,0,0,0
340,20,0,0,13,2,-1,0,-1,0,50,0,80,0,7,7,0.00,-1,0,0,0,0,0,0,0,0,0,0,0,0,0,0,0,0,0,0,0,0,0,0,0,0,0,0
360,20,0,0,1,1,-1,0,-1,300,0,0,56,0,0,0,0.00,-1,1,20,0,0,180,17,0,0,0,103,103,180,0,17,0,0,0,0,0,0,0,0,0,0,0,0
360,20,0,0,2,2,-1,0,-1,350,0,3,50,0,0,0,0.00,-1,1,23,0,0,210,19,0,0,0,121,121,210,0,19,0,0,0,0,0,0,0,0,0,0,0,0
360,20,0,0,3,2,-1,0,-1,300,0,0,51,0,0,0,0.00,-1,1,20,0,0,180,17,0,0,0,103,103,180,0,17,0,0,0,0,0,0,0,0,0,0,0,0
360,20,0,0,4,2,-1,0,-1,83,0,0,56,0,0,0,0.00,-1,1,5,0,0,49,2,0,0,0,32,32,49,0,2,0,0,0,0,0,0,0,0,0,0,0,0
360,20,0,0,5,2,-1,0,-1,0,100,0,80,0,0,0,0.00,-1,0,0,0,0,0,0,0,0,0,0,0,0,0,0,0,0,0,0,0,0,0,0,0,0,0,0
360,20,0,0,6,2,-1,0,-1,492,10,0,53,0,0,0,0.00,-1,1,32,0,0,295,27,0,0,0,170,170,295,0,27,0,0,0,0,0,0,0,0,0,0,0,0
360,20,0,0,7,2,-1,0,-1,198,0,4,53,0,0,0,0.00,-1,1,13,0,0,118,10,0,0,0,70,70,118,0,10,0,0,0,0,0,0,0,0,0,0,0,0
360,20,0,0,8,1,-1,0,-1,0,90,0,80,0,4,4,0.00,-1,0,0,0,0,0,0,0,0,0,0,0,0,0,0,0,0,0,0,0,0,0,0,0,0,0,0
360,20,0,0,9,2,-1,0,-1,584,0,7,54,0,0,0,0.00,-1,1,38,0,0,350,32,0,0,0,202,202,350,0,32,0,0,0,0,0,0,0,0,0,0,0,0
360,20,0,0,10,2,-1,0,-1,781,0,0,57,0,0,0,0.00,-1,1,52,0,0,468,44,0,0,0,269,269,468,0,44,0,0,0,0,0,0,0,0,0,0,0,0
360,20,0,0,11,1,-1,0,-1,0,50,0,80,0,5,5,0.00,-1,0,0,0,0,0,0,0,0,0,0,0,0,0,0,0,0,0,0,0,0,0,0,0,0,0,0
360,20,0,0,12,2,-1,0,-1,487,0,0,45,0,2,2,0.00,-1,1,32,0,0,292,25,0,0,0,170,170,292,0,25,0,0,0,0,0,0,0,0,0,0,0,0
360,20,0,0,13,2,-1,0,-1,0,50,0,80,0,7,7,0.00,-1,0,0,0,0,0,0,0,0,0,0,0,0,0,0,0,0,0,0,0,0,0,0,0,0,0,0
380,20,0,0,1,1,-1,0,-1,300,0,0,57,0,0,0,0.00,-1,1,20,0,0,180,17,0,0,0,103,103,180,0,17,0,0,0,0,0,0,0,0,0,0,0,0
380,20,0,0,2,2,-1,0,-1,350,0,3,51,0,0,0,0.00,-1,1,23,0,0,210,19,0,0,0,121,121,210,0,19,0,0,0,0,0,0,0,0,0,0,0,0
380,20,0,0,3,2,-1,0,-1,300,0,0,50,0,0,0,0.00,-1,1,20,0,0,180,17,0,0,0,103,103,180,0,17,0,0,0,0,0,0,0,0,0,0,0,0
380,20,0,0,4,2,-1,0,-1,83,0,0,55,0,0,0,0.00,-1,1,5,0,0,49,2,0,0,0,32,32,49,0,2,0,0,0,0,0,0,0,0,0,0,0,0
380,20,0,0,5,2,-1,0,-1,0,100,0,80,0,0,0,0.00,-1,0,0,0,0,0,0,0,0,0,0,0,0,0,0,0,0,0,0,0,0,0,0,0,0,0,0
380,20,0,0,6,2,-1,0,-1,492,0,0,52,0,0,0,0.00,-1,1,32,0,0,295,27,0,0,0,170,170,295,0,27,0,0,0,0,0,0,0,0,0,0,0,0
380,20,0,0,7,2,-1,0,-1,198,0,4,52,0,0,0,0.00,-1,1,13,0,0,118,10,0,0,0,70,70,118,0,10,0,0,0,0,0,0,0,0,0,0,0,0
380,20,0,0,8,1,-1,0,-1,0,90,0,80,0,4,4,0.00,-1,0,0,0,0,0,0,0,0,0,0,0,0,0,0,0,0,0,0,0,0,0,0,0,0,0,0
380,20,0,0,9,2,-1,0,-1,584,0,7,53,0,0,0,0.00,-1,1,38,0,0,350,32,0,0,0,202,202,350,0,32,0,0,0,0,0,0,0,0,0,0,0,0
380,20,0,0,10,2,-1,0,-1,781,0,0,56,0,0,0,0.00,-1,1,52,0,0,468,44,0,0,0,269,269,468,0,44,0,0,0,0,0,0,0,0,0,0,0,0
380,20,0,0,11,1,-1,0,-1,0,50,0,80,0,5,5,0.00,-1,0,0,0,0,0,0,0,0,0,0,0,0,0,0,0,0,0,0,0,0,0,0,0,0,0,0
380,20,0,0,12,2,-1,0,-1,487,0,0,43,0,2,2,0.00,-1,1,32,0,0,292,25,0,0,0,170,170,292,0,25,0,0,0,0,0,0,0,0,0,0,0,0
380,20,0,0,13,2,-1,0,-1,0,50,0,80,0,7,7,0.00,-1,0,0,0,0,0,0,0,0,0,0,0,0,0,0,0,0,0,0,0,0,0,0,0,0,0,0
400,20,0,0,1,1,1,0,-1,300,0,0,56,0,0,0,0.00,-1,1,37,37,0,180,34,0,0,0,86,86,180,0,34,0,0,0,0,0,0,0,0,0,0,0,0
400,20,0,0,2,2,1,1,1,350,0,3,50,0,0,0,0.00,-1,1,87,87,0,210,83,0,0,0,57,57,210,0,83,0,0,0,0,0,0,0,0,0,0,0,0
400,20,0,0,3,2,1,1,1,300,0,0,51,0,0,0,0.00,-1,1,75,75,0,180,72,0,0,0,48,48,180,0,72,0,0,0,0,0,0,0,0,0,0,0,0
400,20,0,0,4,2,1,1,1,83,0,0,54,0,0,0,0.00,-1,1,20,20,0,49,17,0,0,0,17,17,49,0,17,0,0,0,0,0,0,0,0,0,0,0,0
400,20,0,0,5,2,1,1,1,0,100,0,80,0,0,0,0.00,-1,0,0,0,0,0,0,0,0,0,0,0,0,0,0,0,0,0,0,0,0,0,0,0,0,0,0
400,20,0,0,6,2,1,1,1,492,25,0,51,0,0,0,0.00,-1,1,123,123,0,295,118,0,0,0,79,79,295,0,118,0,0,0,0,0,0,0,0,0,0,0,0
400,20,0,0,7,2,1,1,1,198,0,5,51,0,0,0,0.00,-1,1,49,49,0,118,46,0,0,0,34,34,118,0,46,0,0,0,0,0,0,0,0,0,0,0,0
400,20,0,0,8,1,1,0,-1,0,90,0,80,0,4,8,0.00,-1,0,0,0,0,0,0,0,0,0,0,0,0,0,0,0,0,0,0,0,0,0,0,0,0,0,0
400,20,0,0,9,2,1,1,1,584,0,9,52,0,0,0,0.00,-1,1,146,146,0,350,140,0,0,0,94,94,350,0,140,0,0,0,0,0,0,0,0,0,0,0,0
400,20,0,0,10,2,1,1,1,781,0,0,57,0,0,0,0.00,-1,1,195,195,0,468,187,0,0,0,126,126,468,0,187,0,0,0,0,0,0,0,0,0,0,0,0
400,20,0,0,11,1,1,0,-1,0,50,0,80,0,5,10,0.00,-1,0,0,0,0,0,0,0,0,0,0,0,0,0,0,0,0,0,0,0,0,0,0,0,0,0,0
400,20,0,0,12,2,1,1,1,487,0,0,41,0,2,4,0.00,-1,1,121,121,0,292,114,0,0,0,81,81,292,0,114,0,0,0,0,0,0,0,0,0,0,0,0
400,20,0,0,13,2,1,1,1,0,50,0,80,0,7,14,0.00,-1,0,0,0,0,0,0,0,0,0,0,0,0,0,0,0,0,0,0,0,0,0,0,0,0,0,0
400,20,0,0,14,2,1,1,1,0,98,0,80,0,0,0,0.00,-1,0,0,0,0,0,0,0,0,0,0,0,0,0,0,0,0,0,0,0,0,0,0,0,0,0,0
420,20,0,0,1,1,1,0,-1,300,0,3,57,0,0,0,0.00,-1,1,37,37,0,180,34,0,0,0,86,86,180,0,34,0,0,0,0,0,0,0,0,0,0,0,0
420,20,0,0,2,2,1,1,1,350,0,3,51,0,0,0,0.00,-1,1,87,87,0,210,83,0,0,0,57,57,210,0,83,0,0,0,0,0,0,0,0,0,0,0,0
420,20,0,0,3,2,1,1,1,300,0,0,50,0,0,0,0.00,-1,1,75,75,0,180,72,0,0,0,48,48,180,0,72,0,0,0,0,0,0,0,0,0,0,0,0
420,20,0,0,4,2,1,1,1,83,0,0,53,0,0,0,0.00,-1,1,20,20,0,49,17,0,0,0,17,17,49,0,17,0,0,0,0,0,0,0,0,0,0,0,0
420,20,0,0,5,2,1,1,1,0,100,0,80,0,0,0,0.00,-1,0,0,0,0,0,0,0,0,0,0,0,0,0,0,0,0,0,0,0,0,0,0,0,0,0,0
420,20,0,0,6,2,1,1,1,492,1,0,50,0,0,0,0.00,-1,1,123,123,0,295,118,0,0,0,79,79,295,0,118,0,0,0,0,0,0,0,0,0,0,0,0
420,20,0,0,7,2,1,1,1,198,0,5,50,0,0,0,0.00,-1,1,49,49,0,118,46,0,0,0,34,34,118,0,46,0,0,0,0,0,0,0,0,0,0,0,0
420,20,0,0,8,1,1,0,-1,0,90,0,80,0,4,8,0.00,-1,0,0,0,0,0,0,0,0,0,0,0,0,0,0,0,0,0,0,0,0,0,0,0,0,0,0
420,20,0,0,9,2,1,1,1,584,0,9,51,0,0,0,0.00,-1,1,146,146,0,350,140,0,0,0,94,94,350,0,140,0,0,0,0,0,0,0,0,0,0,0,0
420,20,0,0,10,2,1,1,1,781,0,0,56,0,0,0,0.00,-1,1,195,195,0,468,187,0,0,0,126,126,468,0,187,0,0,0,0,0,0,0,0,0,0,0,0
420,20,0,0,11,1,1,0,-1,0,50,0,80,0,5,10,0.00,-1,0,0,0,0,0,0,0,0,0,0,0,0,0,0,0,0,0,0,0,0,0,0,0,0,0,0
420,20,0,0,12,2,1,1,1,487,0,0,40,0,2,4,0.00,-1,1,121,121,0,292,114,0,0,0,81,81,292,0,114,0,0,0,0,0,0,0,0,0,0,0,0
420,20,0,0,13,2,1,1,1,0,50,0,80,0,7,14,0.00,-1,0,0,0,0,0,0,0,0,0,0,0,0,0,0,0,0,0,0,0,0,0,0,0,0,0,0
420,20,0,0,14,2,1,1,1,0,98,0,80,0,0,0,0.00,-1,0,0,0,0,0,0,0,0,0,0,0,0,0,0,0,0,0,0,0,0,0,0,0,0,0,0
440,20,0,0,1,1,1,0,-1,300,0,3,56,0,0,0,0.00,-1,1,37,37,0,180,34,0,0,0,86,86,180,0,34,0,0,0,0,0,0,0,0,0,0,0,0
440,20,0,0,2,2,1,1,1,350,0,3,50,0,0,0,0.00,-1,1,87,87,0,210,83,0,0,0,57,57,210,0,83,0,0,0,0,0,0,0,0,0,0,0,0
440,20,0,0,3,2,1,1,1,300,0,0,51,0,0,0,0.00,-1,1,75,75,0,180,72,0,0,0,48,48,180,0,72,0,0,0,0,0,0,0,0,0,0,0,0
440,20,0,0,4,2,1,1,1,83,0,1,52,0,0,0,0.00,-1,1,20,20,0,49,17,0,0,0,17,17,49,0,17,0,0,0,0,0,0,0,0,0,0,0,0
440,20,0,0,5,2,1,1,1,0,100,0,80,0,0,0,0.00,-1,0,0,0,0,0,0,0,0,0,0,0,0,0,0,0,0,0,0,0,0,0,0,0,0,0,0
440,20,0,0,6,2,1,1,1,492,0,0,51,0,0,0,0.00,-1,1,123,123,0,295,118,0,0,0,79,79,295,0,118,0,0,0,0,0,0,0,0,0,0,0,0
440,20,0,0,7,2,1,1,1,198,0,5,51,0,0,0,0.00,-1,1,49,49,0,118,46,0,0,0,34,34,118,0,46,0,0,0,0,0,0,0,0,0,0,0,0
440,20,0,0,8,1,1,0,-1,0,90,0,80,0,4,8,0.00,-1,0,0,0,0,0,0,0,0,0,0,0,0,0,0,0,0,0,0,0,0,0,0,0,0,0,0
440,20,0,0,9,2,1,1,1,584,0,9,50,0,0,0,0.00,-1,1,146,146,0,350,140,0,0,0,94,94,350,0,140,0,0,0,0,0,0,0,0,0,0,0,0
440,20,0,0,10,2,1,1,1,781,0,0,57,0,0,0,0.00,-1,1,195,195,0,468,187,0,0,0,126,126,468,0,187,0,0,0,0,0,0,0,0,0,0,0,0
440,20,0,0,11,1,1,0,-1,0,50,0,80,0,5,10,0.00,-1,0,0,0,0,0,0,0,0,0,0,0,0,0,0,0,0,0,0,0,0,0,0,0,0,0,0
440,20,0,0,12,2,1,1,1,487,0,0,39,0,2,4,0.00,-1,1,121,121,0,292,114,0,0,0,81,81,292,0,114,0,0,0,0,0,0,0,0,0,0,0,0
440,20,0,0,13,2,1,1,1,0,50,0,80,0,7,14,0.00,-1,0,0,0,0,0,0,0,0,0,0,0,0,0,0,0,0,0,0,0,0,0,0,0,0,0,0
440,20,0,0,14,2,1,1,1,0,98,0,80,0,0,0,0.00,-1,0,0,0,0,0,0,0,0,0,0,0,0,0,0,0,0,0,0,0,0,0,0,0,0,0,0
460,20,0,0,1,1,1,0,-1,300,0,6,57,0,0,0,0.00,-1,1,37,37,0,180,34,0,0,0,86,86,180,0,34,0,0,0,0,0,0,0,0,0,0,0,0
460,20,0,0,2,2,1,1,1,350,0,3,51,0,0,0,0.00,-1,1,87,87,0,210,83,0,0,0,57,57,210,0,83,0,0,0,0,0,0,0,0,0,0,0,0
460,20,0,0,3,2,1,1,1,300,0,0,50,0,0,0,0.00,-1,1,75,75,0,180,72,0,0,0,48,48,180,0,72,0,0,0,0,0,0,0,0,0,0,0,0
460,20,0,0,4,2,1,1,1,83,0,1,51,0,0,0,0.00,-1,1,20,20,0,49,17,0,0,0,17,17,49,0,17,0,0,0,0,0,0,0,0,0,0,0,0
460,20,0,0,5,2,1,1,1,0,100,0,80,0,0,0,0.00,-1,0,0,0,0,0,0,0,0,0,0,0,0,0,0,0,0,0,0,0,0,0,0,0,0,0,0
460,20,0,0,6,2,1,1,1,492,9,0,50,0,0,0,0.00,-1,1,123,123,0,295,118,0,0,0,79,79,295,0,118,0,0,0,0,0,0,0,0,0,0,0,0
460,20,0,0,7,2,1,1,1,198,0,6,50,0,0,0,0.00,-1,1,49,49,0,118,46,0,0,0,34,34,118,0,46,0,0,0,0,0,0,0,0,0,0,0,0
460,20,0,0,8,1,1,0,-1,0,90,0,80,0,4,8,0.00,-1,0,0,0,0,0,0,0,0,0,0,0,0,0,0,0,0,0,0,0,0,0,0,0,0,0,0
460,20,0,0,9,2,1,1,1,584,0,9,51,0,0,0,0.00,-1,1,146,146,0,350,140,0,0,0,94,94,350,0,140,0,0,0,0,0,0,0,0,0,0,0,0
460,20,0,0,10,2,1,1,1,781,0,0,56,0,0,0,0.00,-1,1,195,195,0,468,187,0,0,0,126,126,468,0,187,0,0,0,0,0,0,0,0,0,0,0,0
460,20,0,0,11,1,1,0,-1,0,50,0,80,0,5,10,0.00,-1,0,0,0,0,0,0,0,0,0,0,0,0,0,0,0,0,0,0,0,0,0,0,0,0,0,0
460,20,0,0,12,2,1,1,1,487,0,0,38,0,2,4,0.00,-1,1,121,121,0,292,114,0,0,0,81,81,292,0,114,0,0,0,0,0,0,0,0,0,0,0,0
460,20,0,0,13,2,1,1,1,0,50,0,80,0,7,14,0.00,-1,0,0,0,0,0,0,0,0,0,0,0,0,0,0,0,0,0,0,0,0,0,0,0,0,0,0
460,20,0,0,14,2,1,1,1,0,98,0,80,0,0,0,0.00,-1,0,0,0,0,0,0,0,0,0,0,0,0,0,0,0,0,0,0,0,0,0,0,0,0,0,0
480,20,0,0,1,1,1,0,-1,300,0,0,58,0,0,0,0.00,-1,1,37,37,0,180,34,0,0,0,86,86,180,0,34,0,0,0,0,0,0,0,0,0,0,0,0
480,20,0,0,2,2,1,1,1,350,0,3,50,0,0,0,0.00,-1,1,87,87,0,210,83,0,0,0,57,57,210,0,83,0,0,0,0,0,0,0,0,0,0,0,0
480,20,0,0,3,2,1,1,1,300,0,0,51,0,0,0,0.00,-1,1,75,75,0,180,72,0,0,0,48,48,180,0,72,0,0,0,0,0,0,0,0,0,0,0,0
480,20,0,0,4,2,1,1,1,83,0,1,52,0,0,0,0.00,-1,1,20,20,0,49,17,0,0,0,17,17,49,0,17,0,0,0,0,0,0,0,0,0,0,0,0
480,20,0,0,5,2,1,1,1,0,100,0,80,0,0,0,0.00,-1,0,0,0,0,0,0,0,0,0,0,0,0,0,0,0,0,0,0,0,0,0,0,0,0,0,0
480,20,0,0,6,2,1,1,1,492,0,0,51,0,0,0,0.00,-1,1,123,123,0,295,118,0,0,0,79,79,295,0,118,0,0,0,0,0,0,0,0,0,0,0,0
480,20,0,0,7,2,1,1,1,198,0,10,51,0,0,0,0.00,-1,1,49,49,0,118,46,0,0,0,34,34,118,0,46,0,0,0,0,0,0,0,0,0,0,0,0
480,20,0,0,8,1,1,0,-1,0,90,0,80,0,4,8,0.00,-1,0,0,0,0,0,0,0,0,0,0,0,0,0,0,0,0,0,0,0,0,0,0,0,0,0,0
480,20,0,0,9,2,1,1,1,584,0,9,50,0,0,0,0.00,-1,1,146,146,0,350,140,0,0,0,94,94,350,0,140,0,0,0,0,0,0,0,0,0,0,0,0
480,20,0,0,10,2,1,1,1,781,0,0,57,0,0,0,0.00,-1,1,195,195,0,468,187,0,0,0,126,126,468,0,187,0,0,0,0,0,0,0,0,0,0,0,0
480,20,0,0,11,1,1,0,-1,0,50,0,80,0,5,10,0.00,-1,0,0,0,0,0,0,0,0,0,0,0,0,0,0,0,0,0,0,0,0,0,0,0,0,0,0
480,20,0,0,12,2,1,1,1,487,0,0,37,0,2,4,0.00,-1,1,121,121,0,292,114,0,0,0,81,81,292,0,114,0,0,0,0,0,0,0,0,0,0,0,0
480,20,0,0,13,2,1,1,1,0,50,0,80,0,7,14,0.00,-1,0,0,0,0,0,0,0,0,0,0,0,0,0,0,0,0,0,0,0,0,0,0,0,0,0,0
480,20,0,0,14,2,1,1,1,0,98,0,80,0,0,0,0.00,-1,0,0,0,0,0,0,0,0,0,0,0,0,0,0,0,0,0,0,0,0,0,0,0,0,0,0
500,20,0,0,1,1,1,0,-1,300,0,1,57,0,0,0,0.00,-1,1,37,37,0,180,34,0,0,0,86,86,180,0,34,0,0,0,0,0,0,0,0,0,0,0,0
500,20,0,0,2,2,1,1,1,350,0,3,51,0,0,0,0.00,-1,1,87,87,0,210,83,0,0,0,57,57,210,0,83,0,0,0,0,0,0,0,0,0,0,0,0
500,20,0,0,3,2,1,1,1,300,0,0,50,0,0,0,0.00,-1,1,75,75,0,180,72,0,0,0,48,48,180,0,72,0,0,0,0,0,0,0,0,0,0,0,0
500,20,0,0,4,2,1,1,1,83,0,1,51,0,0,0,0.00,-1,1,20,20,0,49,17,0,0,0,17,17,49,0,17,0,0,0,0,0,0,0,0,0,0,0,0
500,20,0,0,5,2,1,1,1,0,100,0,80,0,0,0,0.00,-1,0,0,0,0,0,0,0,0,0,0,0,0,0,0,0,0,0,0,0,0,0,0,0,0,0,0
500,20,0,0,6,2,1,1,1,492,0,0,50,0,0,0,0.00,-1,1,123,123,0,295,118,0,0,0,79,79,295,0,118,0,0,0,0,0,0,0,0,0,0,0,0
500,20,0,0,7,2,1,1,1,198,0,10,50,0,0,0,0.00,-1,1,49,49,0,118,46,0,0,0,34,34,118,0,46,0,0,0,0,0,0,0,0,0,0,0,0
500,20,0,0,8,1,1,0,-1,0,90,0,80,0,4,8,0.00,-1,0,0,0,0,0,0,0,0,0,0,0,0,0,0,0,0,0,0,0,0,0,0,0,0,0,0
500,20,0,0,9,2,1,1,1,584,0,9,51,0,0,0,0.00,-1,1,146,146,0,350,140,0,0,0,94,94,350,0,140,0,0,0,0,0,0,0,0,0,0,0,0
500,20,0,0,10,2,1,1,1,781,0,0,56,0,0,0,0.00,-1,1,195,195,0,468,187,0,0,0,126,126,468,0,187,0,0,0,0,0,0,0,0,0,0,0,0
500,20,0,0,11,1,1,0,-1,0,50,0,80,0,5,10,0.00,-1,0,0,0,0,0,0,0,0,0,0,0,0,0,0,0,0,0,0,0,0,0,0,0,0,0,0
500,20,0,0,12,2,1,1,1,487,0,0,36,0,2,4,0.00,-1,1,121,121,0,292,114,0,0,0,81,81,292,0,114,0,0,0,0,0,0,0,0,0,0,0,0
500,20,0,0,13,2,1,1,1,0,50,0,80,0,7,14,0.00,-1,0,0,0,0,0,0,0,0,0,0,0,0,0,0,0,0,0,0,0,0,0,0,0,0,0,0
500,20,0,0,14,2,1,1,1,0,98,0,80,0,0,0,0.00,-1,0,0,0,0,0,0,0,0,0,0,0,0,0,0,0,0,0,0,0,0,0,0,0,0,0,0
520,20,0,0,1,1,1,0,-1,300,0,1,58,0,0,0,0.00,-1,1,37,37,0,180,34,0,0,0,86,86,180,0,34,0,0,0,0,0,0,0,0,0,0,0,0
520,20,0,0,2,2,1,1,1,350,0,3,50,0,0,0,0.00,-1,1,87,87,0,210,83,0,0,0,57,57,210,0,83,0,0,0,0,0,0,0,0,0,0,0,0
520,20,0,0,3,2,1,1,1,300,0,0,51,0,0,0,0.00,-1,1,75,75,0,180,72,0,0,0,48,48,180,0,72,0,0,0,0,0,0,0,0,0,0,0,0
520,20,0,0,4,2,1,1,1,83,0,1,52,0,0,0,0.00,-1,1,20,20,0,49,17,0,0,0,17,17,49,0,17,0,0,0,0,0,0,0,0,0,0,0,0
520,20,0,0,5,2,1,1,1,0,100,0,80,0,0,0,0.00,-1,0,0,0,0,0,0,0,0,0,0,0,0,0,0,0,0,0,0,0,0,0,0,0,0,0,0
520,20,0,0,6,2,1,1,1,492,0,0,51,0,0,0,0.00,-1,1,123,123,0,295,118,0,0,0,79,79,295,0,118,0,0,0,0,0,0,0,0,0,0,0,0
520,20,0,0,7,2,1,1,1,198,0,12,51,0,0,0,0.00,-1,1,49,49,0,118,46,0,0,0,34,34,118,0,46,0,0,0,0,0,0,0,0,0,0,0,0
520,20,0,0,8,1,1,0,-1,0,90,0,80,0,4,8,0.00,-1,0,0,0,0,0,0,0,0,0,0,0,0,0,0,0,0,0,0,0,0,0,0,0,0,0,0
520,20,0,0,9,2,1,1,1,584,0,9,50,0,0,0,0.00,-1,1,146,146,0,350,140,0,0,0,94,94,350,0,140,0,0,0,0,0,0,0,0,0,0,0,0
520,20,0,0,10,2,1,1,1,781,0,0,57,0,0,0,0.00,-1,1,195,195,0,468,187,0,0,0,126,126,468,0,187,0,0,0,0,0,0,0,0,0,0,0,0
520,20,0,0,11,1,1,0,-1,0,50,0,80,0,5,10,0.00,-1,0,0,0,0,0,0,0,0,0,0,0,0,0,0,0,0,0,0,0,0,0,0,0,0,0,0
520,20,0,0,12,2,1,1,1,487,0,0,35,0,2,4,0.00,-1,1,121,121,0,292,114,0,0,0,81,81,292,0,114,0,0,0,0,0,0,0,0,0,0,0,0
520,20,0,0,13,2,1,1,1,0,50,0,80,0,7,14,0.00,-1,0,0,0,0,0,0,0,0,0,0,0,0,0,0,0,0,0,0,0,0,0,0,0,0,0,0
520,20,0,0,14,2,1,1,1,0,98,0,80,0,0,0,0.00,-1,0,0,0,0,0,0,0,0,0,0,0,0,0,0,0,0,0,0,0,0,0,0,0,0,0,0
540,20,0,0,1,1,1,0,-1,300,0,1,57,0,0,0,0.00,-1,1,37,37,0,180,34,0,0,0,86,86,180,0,34,0,0,0,0,0,0,0,0,0,0,0,0
540,20,0,0,2,2,1,1,1,350,0,3,51,0,0,0,0.00,-1,1,87,87,0,210,83,0,0,0,57,57,210,0,83,0,0,0,0,0,0,0,0,0,0,0,0
540,20,0,0,3,2,1,1,1,300,0,0,50,0,0,0,0.00,-1,1,75,75,0,180,72,0,0,0,48,48,180,0,72,0,0,0,0,0,0,0,0,0,0,0,0
540,20,0,0,4,2,1,1,1,83,0,1,51,0,0,0,0.00,-1,1,20,20,0,49,17,0,0,0,17,17,49,0,17,0,0,0,0,0,0,0,0,0,0,0,0
540,20,0,0,5,2,1,1,1,0,100,0,80,0,0,0,0.00,-1,0,0,0,0,0,0,0,0,0,0,0,0,0,0,0,0,0,0,0,0,0,0,0,0,0,0
540,20,0,0,6,2,1,1,1,492,0,0,50,0,0,0,0.00,-1,1,123,123,0,295,118,0,0,0,79,79,295,0,118,0,0,0,0,0,0,0,0,0,0,0,0
540,20,0,0,7,2,1,1,1,198,0,13,50,0,0,0,0.00,-1,1,49,49,0,118,46,0,0,0,34,34,118,0,46,0,0,0,0,0,0,0,0,0,0,0,0
540,20,0,0,8,1,1,0,-1,0,90,0,80,0,4,8,0.00,-1,0,0,0,0,0,0,0,0,0,0,0,0,0,0,0,0,0,0,0,0,0,0,0,0,0,0
540,20,0,0,9,2,1,1,1,584,0,9,51,0,0,0,0.00,-1,1,146,146,0,350,140,0,0,0,94,94,350,0,140,0,0,0,0,0,0,0,0,0,0,0,0
540,20,0,0,10,2,1,1,1,781,0,0,56,0,0,0,0.00,-1,1,195,195,0,468,187,0,0,0,126,126,468,0,187,0,0,0,0,0,0,0,0,0,0,0,0
540,20,0,0,11,1,1,0,-1,0,50,0,80,0,5,10,0.00,-1,0,0,0,0,0,0,0,0,0,0,0,0,0,0,0,0,0,0,0,0,0,0,0,0,0,0
540,20,0,0,12,2,1,1,1,487,0,0,34,0,2,4,0.00,-1,1,121,121,0,292,114,0,0,0,81,81,292,0,114,0,0,0,0,0,0,0,0,0,0,0,0
540,20,0,0,13,2,1,1,1,0,50,0,80,0,7,14,0.00,-1,0,0,0,0,0,0,0,0,0,0,0,0,0,0,0,0,0,0,0,0,0,0,0,0,0,0
540,20,0,0,14,2,1,1,1,0,98,0,80,0,0,0,0.00,-1,0,0,0,0,0,0,0,0,0,0,0,0,0,0,0,0,0,0,0,0,0,0,0,0,0,0
560,20,0,0,1,1,1,0,-1,300,0,1,58,0,0,0,0.00,-1,1,37,37,0,180,34,0,0,0,86,86,180,0,34,0,0,0,0,0,0,0,0,0,0,0,0
560,20,0,0,2,2,1,1,1,350,0,3,50,0,0,0,0.00,-1,1,87,87,0,210,83,0,0,0,57,57,210,0,83,0,0,0,0,0,0,0,0,0,0,0,0
560,20,0,0,3,2,1,1,1,300,0,0,51,0,0,0,0.00,-1,1,75,75,0,180,72,0,0,0,48,48,180,0,72,0,0,0,0,0,0,0,0,0,0,0,0
560,20,0,0,4,2,1,1,1,83,0,1,52,0,0,0,0.00,-1,1,20,20,0,49,17,0,0,0,17,17,49,0,17,0,0,0,0,0,0,0,0,0,0,0,0
560,20,0,0,5,2,1,1,1,0,100,0,80,0,0,0,0.00,-1,0,0,0,0,0,0,0,0,0,0,0,0,0,0,0,0,0,0,0,0,0,0,0,0,0,0
560,20,0,0,6,2,1,1,1,492,0,0,51,0,0,0,0.00,-1,1,123,123,0,295,118,0,0,0,79,79,295,0,118,0,0,0,0,0,0,0,0,0,0,0,0
560,20,0,0,7,2,1,1,1,198,0,16,51,0,0,0,0.00,-1,1,49,49,0,118,46,0,0,0,34,34,118,0,46,0,0,0,0,0,0,0,0,0,0,0,0
560,20,0,0,8,1,1,0,-1,0,90,0,80,0,4,8,0.00,-1,0,0,0,0,0,0,0,0,0,0,0,0,0,0,0,0,0,0,0,0,0,0,0,0,0,0
560,20,0,0,9,2,1,1,1,584,0,9,50,0,0,0,0.00,-1,1,146,146,0,350,140,0,0,0,94,94,350,0,140,0,0,0,0,0,0,0,0,0,0,0,0
560,20,0,0,10,2,1,1,1,948,0,0,57,0,0,0,0.00,-1,1,237,237,0,568,228,0,0,0,152,152,568,0,228,0,0,0,0,0,0,0,0,0,0,0,0
560,20,0,0,11,1,1,0,-1,0,50,0,80,0,5,10,0.00,-1,0,0,0,0,0,0,0,0,0,0,0,0,0,0,0,0,0,0,0,0,0,0,0,0,0,0
560,20,0,0,12,2,1,1,1,547,0,0,35,0,2,4,0.00,-1,1,136,136,0,328,129,0,0,0,90,90,328,0,129,0,0,0,0,0,0,0,0,0,0,0,0
560,20,0,0,13,2,1,1,1,798,0,0,67,0,7,14,0.00,-1,1,133,133,0,478,69,0,0,0,251,251,478,0,69,0,0,0,0,0,0,0,0,0,0,0,0
560,20,0,0,14,2,1,1,1,0,98,0,80,0,0,0,0.00,-1,0,0,0,0,0,0,0,0,0,0,0,0,0,0,0,0,0,0,0,0,0,0,0,0,0,0
580,20,0,0,1,1,1,0,-1,300,0,1,57,0,0,0,0.00,-1,1,37,37,0,180,34,0,0,0,86,86,180,0,34,0,0,0,0,0,0,0,0,0,0,0,0
580,20,0,0,2,2,1,1,1,350,0,3,51,0,0,0,0.00,-1,1,87,87,0,210,83,0,0,0,57,57,210,0,83,0,0,0,0,0,0,0,0,0,0,0,0
580,20,0,0,3,2,1,1,1,300,0,0,50,0,0,0,0.00,-1,1,75,75,0,180,72,0,0,0,48,48,180,0,72,0,0,0,0,0,0,0,0,0,0,0,0
580,20,0,0,4,2,1,1,1,83,0,1,51,0,0,0,0.00,-1,1,20,20,0,49,17,0,0,0,17,17,49,0,17,0,0,0,0,0,0,0,0,0,0,0,0
580,20,0,0,5,2,1,1,1,0,100,0,80,0,0,0,0.00,-1,0,0,0,0,0,0,0,0,0,0,0,0,0,0,0,0,0,0,0,0,0,0,0,0,0,0
580,20,0,0,6,2,1,1,1,492,0,0,50,0,0,0,0.00,-1,1,123,123,0,295,118,0,0,0,79,79,295,0,118,0,0,0,0,0,0,0,0,0,0,0,0
580,20,0,0,7,2,1,1,1,198,0,16,50,0,0,0,0.00,-1,1,49,49,0,118,46,0,0,0,34,34,118,0,46,0,0,0,0,0,0,0,0,0,0,0,0
580,20,0,0,8,1,1,0,-1,0,90,0,80,0,4,8,0.00,-1,0,0,0,0,0,0,0,0,0,0,0,0,0,0,0,0,0,0,0,0,0,0,0,0,0,0
580,20,0,0,9,2,1,1,1,584,0,9,51,0,0,0,0.00,-1,1,146,146,0,350,140,0,0,0,94,94,350,0,140,0,0,0,0,0,0,0,0,0,0,0,0
580,20,0,0,10,2,1,1,1,1183,0,0,56,0,0,0,0.00,-1,1,295,295,0,709,283,0,0,0,191,191,709,0,283,0,0,0,0,0,0,0,0,0,0,0,0
580,20,0,0,11,1,1,0,-1,0,50,0,80,0,5,10,0.00,-1,0,0,0,0,0,0,0,0,0,0,0,0,0,0,0,0,0,0,0,0,0,0,0,0,0,0
580,20,0,0,12,2,1,1,1,619,0,0,34,0,2,4,0.00,-1,1,154,154,0,371,147,0,0,0,101,101,371,0,147,0,0,0,0,0,0,0,0,0,0,0,0
580,20,0,0,13,2,1,1,1,1292,0,0,59,0,6,12,0.00,-1,1,323,323,0,775,311,0,0,0,206,206,775,0,311,0,0,0,0,0,0,0,0,0,0,0,0
580,20,0,0,14,2,1,1,1,0,98,0,80,0,0,0,0.00,-1,0,0,0,0,0,0,0,0,0,0,0,0,0,0,0,0,0,0,0,0,0,0,0,0,0,0
580,20,0,0,15,2,1,1,1,0,50,0,80,0,0,0,0.00,-1,0,0,0,0,0,0,0,0,0,0,0,0,0,0,0,0,0,0,0,0,0,0,0,0,0,0
580,20,0,0,16,2,1,1,1,499,0,0,63,0,1,2,0.00,-1,1,83,83,0,299,42,0,0,0,158,158,299,0,42,0,0,0,0,0,0,0,0,0,0,0,0
600,20,0,0,1,1,1,0,-1,300,0,1,58,0,0,0,0.00,-1,1,37,37,0,180,34,0,0,0,86,86,180,0,34,0,0,0,0,0,0,0,0,0,0,0,0
600,20,0,0,2,2,1,1,1,350,0,3,50,0,0,0,0.00,-1,1,87,87,0,210,83,0,0,0,57,57,210,0,83,0,0,0,0,0,0,0,0,0,0,0,0
600,20,0,0,3,2,1,1,1,300,0,0,51,0,0,0,0.00,-1,1,75,75,0,180,72,0,0,0,48,48,180,0,72,0,0,0,0,0,0,0,0,0,0,0,0
600,20,0,0,4,2,1,1,1,83,0,1,52,0,0,0,0.00,-1,1,20,20,0,49,17,0,0,0,17,17,49,0,17,0,0,0,0,0,0,0,0,0,0,0,0
600,20,0,0,5,2,1,1,1,0,100,0,80,0,0,0,0.00,-1,0,0,0,0,0,0,0,0,0,0,0,0,0,0,0,0,0,0,0,0,0,0,0,0,0,0
600,20,0,0,6,2,1,1,1,492,0,0,51,0,0,0,0.00,-1,1,123,123,0,295,118,0,0,0,79,79,295,0,118,0,0,0,0,0,0,0,0,0,0,0,0
600,20,0,0,7,2,1,1,1,198,0,17,51,0,0,0,0.00,-1,1,49,49,0,118,46,0,0,0,34,34,118,0,46,0,0,0,0,0,0,0,0,0,0,0,0
600,20,0,0,8,1,1,0,-1,0,90,0,80,0,4,8,0.00,-1,0,0,0,0,0,0,0,0,0,0,0,0,0,0,0,0,0,0,0,0,0,0,0,0,0,0
600,20,0,0,9,2,1,1,1,584,0,9,50,0,0,0,0.00,-1,1,146,146,0,350,140,0,0,0,94,94,350,0,140,0,0,0,0,0,0,0,0,0,0,0,0
600,20,0,0,10,2,1,1,1,1358,0,0,55,0,0,0,0.00,-1,1,339,339,0,814,327,0,0,0,217,217,814,0,327,0,0,0,0,0,0,0,0,0,0,0,0
600,20,0,0,11,1,1,0,-1,0,50,0,80,0,5,10,0.00,-1,0,0,0,0,0,0,0,0,0,0,0,0,0,0,0,0,0,0,0,0,0,0,0,0,0,0
600,20,0,0,12,2,1,1,1,619,0,0,35,0,2,4,0.00,-1,1,154,154,0,371,147,0,0,0,101,101,371,0,147,0,0,0,0,0,0,0,0,0,0,0,0
600,20,0,0,13,2,1,1,1,1688,0,0,52,0,6,12,0.00,-1,1,422,422,0,1012,407,0,0,0,269,269,1012,0,407,0,0,0,0,0,0,0,0,0,0,0,0
600,20,0,0,14,2,1,1,1,0,98,0,80,0,0,0,0.00,-1,0,0,0,0,0,0,0,0,0,0,0,0,0,0,0,0,0,0,0,0,0,0,0,0,0,0
600,20,0,0,15,2,1,1,1,0,50,0,80,0,0,0,0.00,-1,0,0,0,0,0,0,0,0,0,0,0,0,0,0,0,0,0,0,0,0,0,0,0,0,0,0
600,20,0,0,16,2,1,1,1,928,0,0,58,0,1,2,0.00,-1,1,154,154,0,556,81,0,0,0,291,291,556,0,81,0,0,0,0,0,0,0,0,0,0,0,0
620,20,0,0,1,1,1,0,-1,300,0,1,57,0,0,0,0.00,-1,1,37,37,0,180,34,0,0,0,86,86,180,0,34,0,0,0,0,0,0,0,0,0,0,0,0
620,20,0,0,2,2,1,1,1,350,0,3,51,0,0,0,0.00,-1,1,87,87,0,210,83,0,0,0,57,57,210,0,83,0,0,0,0,0,0,0,0,0,0,0,0
620,20,0,0,3,2,1,1,1,300,0,0,50,0,0,0,0.00,-1,1,75,75,0,180,72,0,0,0,48,48,180,0,72,0,0,0,0,0,0,0,0,0,0,0,0
620,20,0,0,4,2,1,1,1,83,0,1,51,0,0,0,0.00,-1,1,20,20,0,49,17,0,0,0,17,17,49,0,17,0,0,0,0,0,0,0,0,0,0,0,0
620,20,0,0,5,2,1,1,1,0,100,0,80,0,0,0,0.00,-1,0,0,0,0,0,0,0,0,0,0,0,0,0,0,0,0,0,0,0,0,0,0,0,0,0,0
620,20,0,0,6,2,1,1,1,492,0,0,50,0,0,0,0.00,-1,1,123,123,0,295,118,0,0,0,79,79,295,0,118,0,0,0,0,0,0,0,0,0,0,0,0
620,20,0,0,7,2,1,1,1,198,0,17,50,0,0,0,0.00,-1,1,49,49,0,118,46,0,0,0,34,34,118,0,46,0,0,0,0,0,0,0,0,0,0,0,0
620,20,0,0,8,1,1,0,-1,0,90,0,80,0,4,8,0.00,-1,0,0,0,0,0,0,0,0,0,0,0,0,0,0,0,0,0,0,0,0,0,0,0,0,0,0
620,20,0,0,9,2,1,1,1,584,0,9,51,0,0,0,0.00,-1,1,146,146,0,350,140,0,0,0,94,94,350,0,140,0,0,0,0,0,0,0,0,0,0,0,0
620,20,0,0,10,2,1,1,1,1362,0,0,54,0,0,0,0.00,-1,1,340,340,0,817,327,0,0,0,218,218,817,0,327,0,0,0,0,0,0,0,0,0,0,0,0
620,20,0,0,11,1,1,0,-1,0,50,0,80,0,5,10,0.00,-1,0,0,0,0,0,0,0,0,0,0,0,0,0,0,0,0,0,0,0,0,0,0,0,0,0,0
620,20,0,0,12,2,1,1,1,1618,0,0,34,0,2,4,0.00,-1,1,404,404,0,970,389,0,0,0,259,259,970,0,389,0,0,0,0,0,0,0,0,0,0,0,0
620,20,0,0,13,2,1,1,1,1814,0,0,47,0,6,12,0.00,-1,1,453,453,0,1088,436,0,0,0,290,290,1088,0,436,0,0,0,0,0,0,0,0,0,0,0,0
620,20,0,0,14,2,1,1,1,0,98,0,80,0,0,0,0.00,-1,0,0,0,0,0,0,0,0,0,0,0,0,0,0,0,0,0,0,0,0,0,0,0,0,0,0
620,20,0,0,15,2,1,1,1,0,50,0,80,0,0,0,0.00,-1,0,0,0,0,0,0,0,0,0,0,0,0,0,0,0,0,0,0,0,0,0,0,0,0,0,0
620,20,0,0,16,2,1,1,1,1274,0,0,54,0,1,2,0.00,-1,1,212,212,0,764,110,0,0,0,400,400,764,0,110,0,0,0,0,0,0,0,0,0,0,0,0
640,20,0,0,1,1,1,0,-1,300,0,1,58,0,0,0,0.00,-1,1,37,37,0,180,34,0,0,0,86,86,180,0,34,0,0,0,0,0,0,0,0,0,0,0,0
640,20,0,0,2,2,1,1,1,350,0,3,50,0,0,0,0.00,-1,1,87,87,0,210,83,0,0,0,57,57,210,0,83,0,0,0,0,0,0,0,0,0,0,0,0
640,20,0,0,3,2,1,1,1,300,0,0,51,0,0,0,0.00,-1,1,75,75,0,180,72,0,0,0,48,48,180,0,72,0,0,0,0,0,0,0,0,0,0,0,0
640,20,0,0,4,2,1,1,1,83,0,1,52,0,0,0,0.00,-1,1,20,20,0,49,17,0,0,0,17,17,49,0,17,0,0,0,0,0,0,0,0,0,0,0,0
640,20,0,0,5,2,1,1,1,0,100,0,80,0,0,0,0.00,-1,0,0,0,0,0,0,0,0,0,0,0,0,0,0,0,0,0,0,0,0,0,0,0,0,0,0
640,20,0,0,6,2,1,1,1,492,0,0,51,0,0,0,0.00,-1,1,123,123,0,295,118,0,0,0,79,79,295,0,118,0,0,0,0,0,0,0,0,0,0,0,0
640,20,0,0,7,2,1,1,1,198,0,17,51,0,0,0,0.00,-1,1,49,49,0,118,46,0,0,0,34,34,118,0,46,0,0,0,0,0,0,0,0,0,0,0,0
640,20,0,0,8,1,1,0,-1,0,90,0,80,0,7,14,0.00,-1,0,0,0,0,0,0,0,0,0,0,0,0,0,0,0,0,0,0,0,0,0,0,0,0,0,0
640,20,0,0,9,2,1,1,1,584,0,9,50,0,0,0,0.00,-1,1,146,146,0,350,140,0,0,0,94,94,350,0,140,0,0,0,0,0,0,0,0,0,0,0,0
640,20,0,0,10,2,1,1,1,1362,0,0,53,0,0,0,0.00,-1,1,340,340,0,817,327,0,0,0,218,218,817,0,327,0,0,0,0,0,0,0,0,0,0,0,0
640,20,0,0,11,1,1,0,-1,0,50,0,80,0,5,10,0.00,-1,0,0,0,0,0,0,0,0,0,0,0,0,0,0,0,0,0,0,0,0,0,0,0,0,0,0
640,20,0,0,12,2,1,1,1,1618,0,0,35,0,2,4,0.00,-1,1,404,404,0,970,389,0,0,0,259,259,970,0,389,0,0,0,0,0,0,0,0,0,0,0,0
640,20,0,0,13,2,1,1,1,1814,0,0,44,0,4,8,0.00,-1,1,453,453,0,1088,436,0,0,0,290,290,1088,0,436,0,0,0,0,0,0,0,0,0,0,0,0
640,20,0,0,14,2,1,1,1,0,98,0,80,0,0,0,0.00,-1,0,0,0,0,0,0,0,0,0,0,0,0,0,0,0,0,0,0,0,0,0,0,0,0,0,0
640,20,0,0,15,2,1,1,1,0,50,0,80,0,0,0,0.00,-1,0,0,0,0,0,0,0,0,0,0,0,0,0,0,0,0,0,0,0,0,0,0,0,0,0,0
640,20,0,0,16,2,1,1,1,1274,0,1,53,0,0,0,0.00,-1,1,318,318,0,764,306,0,0,0,204,204,764,0,306,0,0,0,0,0,0,0,0,0,0,0,0
640,20,0,0,17,2,1,1,1,0,50,0,80,0,6,12,0.00,-1,0,0,0,0,0,0,0,0,0,0,0,0,0,0,0,0,0,0,0,0,0,0,0,0,0,0
660,20,0,0,1,1,1,0,-1,300,0,2,57,0,0,0,0.00,-1,1,37,37,0,180,34,0,0,0,86,86,180,0,34,0,0,0,0,0,0,0,0,0,0,0,0
660,20,0,0,2,2,1,1,1,350,0,3,51,0,0,0,0.00,-1,1,87,87,0,210,83,0,0,0,57,57,210,0,83,0,0,0,0,0,0,0,0,0,0,0,0
660,20,0,0,3,2,1,1,1,300,0,0,50,0,0,0,0.00,-1,1,75,75,0,180,72,0,0,0,48,48,180,0,72,0,0,0,0,0,0,0,0,0,0,0,0
660,20,0,0,4,2,1,1,1,83,0,1,51,0,0,0,0.00,-1,1,20,20,0,49,17,0,0,0,17,17,49,0,17,0,0,0,0,0,0,0,0,0,0,0,0
660,20,0,0,5,2,1,1,1,0,100,0,80,0,0,0,0.00,-1,0,0,0,0,0,0,0,0,0,0,0,0,0,0,0,0,0,0,0,0,0,0,0,0,0,0
660,20,0,0,6,2,1,1,1,492,0,0,50,0,0,0,0.00,-1,1,123,123,0,295,118,0,0,0,79,79,295,0,118,0,0,0,0,0,0,0,0,0,0,0,0
660,20,0,0,7,2,1,1,1,198,0,17,50,0,0,0,0.00,-1,1,49,49,0,118,46,0,0,0,34,34,118,0,46,0,0,0,0,0,0,0,0,0,0,0,0
660,20,0,0,8,1,1,0,-1,0,90,0,80,0,7,14,0.00,-1,0,0,0,0,0,0,0,0,0,0,0,0,0,0,0,0,0,0,0,0,0,0,0,0,0,0
660,20,0,0,9,2,1,1,1,584,0,9,51,0,0,0,0.00,-1,1,146,146,0,350,140,0,0,0,94,94,350,0,140,0,0,0,0,0,0,0,0,0,0,0,0
660,20,0,0,10,2,1,1,1,1362,0,0,52,0,0,0,0.00,-1,1,340,340,0,817,327,0,0,0,218,218,817,0,327,0,0,0,0,0,0,0,0,0,0,0,0
660,20,0,0,11,1,1,0,-1,0,50,0,80,0,5,10,0.00,-1,0,0,0,0,0,0,0,0,0,0,0,0,0,0,0,0,0,0,0,0,0,0,0,0,0,0
660,20,0,0,12,2,1,1,1,1618,0,0,34,0,2,4,0.00,-1,1,404,404,0,970,389,0,0,0,259,259,970,0,389,0,0,0,0,0,0,0,0,0,0,0,0
660,20,0,0,13,2,1,1,1,1814,0,0,42,0,4,8,0.00,-1,1,453,453,0,1088,436,0,0,0,290,290,1088,0,436,0,0,0,0,0,0,0,0,0,0,0,0
660,20,0,0,14,2,1,1,1,0,98,0,80,0,0,0,0.00,-1,0,0,0,0,0,0,0,0,0,0,0,0,0,0,0,0,0,0,0,0,0,0,0,0,0,0
660,20,0,0,15,2,1,1,1,0,50,0,80,0,0,0,0.00,-1,0,0,0,0,0,0,0,0,0,0,0,0,0,0,0,0,0,0,0,0,0,0,0,0,0,0
660,20,0,0,16,2,1,1,1,1274,0,1,52,0,0,0,0.00,-1,1,318,318,0,764,306,0,0,0,204,204,764,0,306,0,0,0,0,0,0,0,0,0,0,0,0
660,20,0,0,17,2,1,1,1,0,50,0,80,0,6,12,0.00,-1,0,0,0,0,0,0,0,0,0,0,0,0,0,0,0,0,0,0,0,0,0,0,0,0,0,0
680,20,0,0,1,1,1,0,-1,300,0,2,58,0,0,0,0.00,-1,1,37,37,0,180,34,0,0,0,86,86,180,0,34,0,0,0,0,0,0,0,0,0,0,0,0
680,20,0,0,2,2,1,1,1,350,0,3,50,0,0,0,0.00,-1,1,87,87,0,210,83,0,0,0,57,57,210,0,83,0,0,0,0,0,0,0,0,0,0,0,0
680,20,0,0,3,2,1,1,1,300,0,0,51,0,0,0,0.00,-1,1,75,75,0,180,72,0,0,0,48,48,180,0,72,0,0,0,0,0,0,0,0,0,0,0,0
680,20,0,0,4,2,1,1,1,83,0,1,52,0,0,0,0.00,-1,1,20,20,0,49,17,0,0,0,17,17,49,0,17,0,0,0,0,0,0,0,0,0,0,0,0
680,20,0,0,5,2,1,1,1,0,100,0,80,0,0,0,0.00,-1,0,0,0,0,0,0,0,0,0,0,0,0,0,0,0,0,0,0,0,0,0,0,0,0,0,0
680,20,0,0,6,2,1,1,1,492,0,0,51,0,0,0,0.00,-1,1,123,123,0,295,118,0,0,0,79,79,295,0,118,0,0,0,0,0,0,0,0,0,0,0,0
680,20,0,0,7,2,1,1,1,198,0,17,51,0,0,0,0.00,-1,1,49,49,0,118,46,0,0,0,34,34,118,0,46,0,0,0,0,0,0,0,0,0,0,0,0
680,20,0,0,8,1,1,0,-1,0,90,0,80,0,7,14,0.00,-1,0,0,0,0,0,0,0,0,0,0,0,0,0,0,0,0,0,0,0,0,0,0,0,0,0,0
680,20,0,0,9,2,1,1,1,584,0,9,50,0,0,0,0.00,-1,1,146,146,0,350,140,0,0,0,94,94,350,0,140,0,0,0,0,0,0,0,0,0,0,0,0
680,20,0,0,10,2,1,1,1,1362,0,0,51,0,0,0,0.00,-1,1,340,340,0,817,327,0,0,0,218,218,817,0,327,0,0,0,0,0,0,0,0,0,0,0,0
680,20,0,0,11,1,1,0,-1,0,50,0,80,0,5,10,0.00,-1,0,0,0,0,0,0,0,0,0,0,0,0,0,0,0,0,0,0,0,0,0,0,0,0,0,0
680,20,0,0,12,2,1,1,1,1618,0,0,35,0,2,4,0.00,-1,1,404,404,0,970,389,0,0,0,259,259,970,0,389,0,0,0,0,0,0,0,0,0,0,0,0
680,20,0,0,13,2,1,1,1,1814,0,0,40,0,4,8,0.00,-1,1,453,453,0,1088,436,0,0,0,290,290,1088,0,436,0,0,0,0,0,0,0,0,0,0,0,0
680,20,0,0,14,2,1,1,1,0,98,0,80,0,0,0,0.00,-1,0,0,0,0,0,0,0,0,0,0,0,0,0,0,0,0,0,0,0,0,0,0,0,0,0,0
680,20,0,0,15,2,1,1,1,0,50,0,80,0,0,0,0.00,-1,0,0,0,0,0,0,0,0,0,0,0,0,0,0,0,0,0,0,0,0,0,0,0,0,0,0
680,20,0,0,16,2,1,1,1,1274,0,1,51,0,0,0,0.00,-1,1,318,318,0,764,306,0,0,0,204,204,764,0,306,0,0,0,0,0,0,0,0,0,0,0,0
680,20,0,0,17,2,1,1,1,0,50,0,80,0,6,12,0.00,-1,0,0,0,0,0,0,0,0,0,0,0,0,0,0,0,0,0,0,0,0,0,0,0,0,0,0
700,20,0,0,1,1,1,0,-1,300,0,3,57,0,0,0,0.00,-1,1,37,37,0,180,34,0,0,0,86,86,180,0,34,0,0,0,0,0,0,0,0,0,0,0,0
700,20,0,0,2,2,1,1,1,350,0,3,51,0,0,0,0.00,-1,1,87,87,0,210,83,0,0,0,57,57,210,0,83,0,0,0,0,0,0,0,0,0,0,0,0
700,20,0,0,3,2,1,1,1,300,0,0,50,0,0,0,0.00,-1,1,75,75,0,180,72,0,0,0,48,48,180,0,72,0,0,0,0,0,0,0,0,0,0,0,0
700,20,0,0,4,2,1,1,1,83,0,1,51,0,0,0,0.00,-1,1,20,20,0,49,17,0,0,0,17,17,49,0,17,0,0,0,0,0,0,0,0,0,0,0,0
700,20,0,0,5,2,1,1,1,0,100,0,80,0,0,0,0.00,-1,0,0,0,0,0,0,0,0,0,0,0,0,0,0,0,0,0,0,0,0,0,0,0,0,0,0
700,20,0,0,6,2,1,1,1,492,0,0,50,0,0,0,0.00,-1,1,123,123,0,295,118,0,0,0,79,79,295,0,118,0,0,0,0,0,0,0,0,0,0,0,0
700,20,0,0,7,2,1,1,1,198,0,17,50,0,0,0,0.00,-1,1,49,49,0,118,46,0,0,0,34,34,118,0,46,0,0,0,0,0,0,0,0,0,0,0,0
700,20,0,0,8,1,1,0,-1,0,90,0,80,0,7,14,0.00,-1,0,0,0,0,0,0,0,0,0,0,0,0,0,0,0,0,0,0,0,0,0,0,0,0,0,0
700,20,0,0,9,2,1,1,1,584,0,10,51,0,0,0,0.00,-1,1,146,146,0,350,140,0,0,0,94,94,350,0,140,0,0,0,0,0,0,0,0,0,0,0,0
700,20,0,0,10,2,1,1,1,1362,0,0,50,0,0,0,0.00,-1,1,340,340,0,817,327,0,0,0,218,218,817,0,327,0,0,0,0,0,0,0,0,0,0,0,0
700,20,0,0,11,1,1,0,-1,0,50,0,80,0,5,10,0.00,-1,0,0,0,0,0,0,0,0,0,0,0,0,0,0,0,0,0,0,0,0,0,0,0,0,0,0
700,20,0,0,12,2,1,1,1,1618,0,0,34,0,2,4,0.00,-1,1,404,404,0,970,389,0,0,0,259,259,970,0,389,0,0,0,0,0,0,0,0,0,0,0,0
700,20,0,0,13,2,1,1,1,1814,0,0,38,0,4,8,0.00,-1,1,453,453,0,1088,436,0,0,0,290,290,1088,0,436,0,0,0,0,0,0,0,0,0,0,0,0
700,20,0,0,14,2,1,1,1,0,98,0,80,0,0,0,0.00,-1,0,0,0,0,0,0,0,0,0,0,0,0,0,0,0,0,0,0,0,0,0,0,0,0,0,0
700,20,0,0,15,2,1,1,1,0,50,0,80,0,0,0,0.00,-1,0,0,0,0,0,0,0,0,0,0,0,0,0,0,0,0,0,0,0,0,0,0,0,0,0,0
700,20,0,0,16,2,1,1,1,1274,0,1,50,0,0,0,0.00,-1,1,318,318,0,764,306,0,0,0,204,204,764,0,306,0,0,0,0,0,0,0,0,0,0,0,0
700,20,0,0,17,2,1,1,1,0,50,0,80,0,6,12,0.00,-1,0,0,0,0,0,0,0,0,0,0,0,0,0,0,0,0,0,0,0,0,0,0,0,0,0,0
720,20,0,0,1,1,1,0,-1,300,0,3,58,0,0,0,0.00,-1,1,37,37,0,180,34,0,0,0,86,86,180,0,34,0,0,0,0,0,0,0,0,0,0,0,0
720,20,0,0,2,2,1,1,1,350,0,3,50,0,0,0,0.00,-1,1,87,87,0,210,83,0,0,0,57,57,210,0,83,0,0,0,0,0,0,0,0,0,0,0,0
720,20,0,0,3,2,1,1,1,300,0,0,51,0,0,0,0.00,-1,1,75,75,0,180,72,0,0,0,48,48,180,0,72,0,0,0,0,0,0,0,0,0,0,0,0
720,20,0,0,4,2,1,1,1,83,0,1,52,0,0,0,0.00,-1,1,20,20,0,49,17,0,0,0,17,17,49,0,17,0,0,0,0,0,0,0,0,0,0,0,0
720,20,0,0,5,2,1,1,1,0,100,0,80,0,0,0,0.00,-1,0,0,0,0,0,0,0,0,0,0,0,0,0,0,0,0,0,0,0,0,0,0,0,0,0,0
720,20,0,0,6,2,1,1,1,492,0,0,51,0,0,0,0.00,-1,1,123,123,0,295,118,0,0,0,79,79,295,0,118,0,0,0,0,0,0,0,0,0,0,0,0
720,20,0,0,7,2,1,1,1,198,0,17,51,0,0,0,0.00,-1,1,49,49,0,118,46,0,0,0,34,34,118,0,46,0,0,0,0,0,0,0,0,0,0,0,0
720,20,0,0,8,1,1,0,-1,0,90,0,80,0,7,14,0.00,-1,0,0,0,0,0,0,0,0,0,0,0,0,0,0,0,0,0,0,0,0,0,0,0,0,0,0
720,20,0,0,9,2,1,1,1,584,0,10,50,0,0,0,0.00,-1,1,146,146,0,350,140,0,0,0,94,94,350,0,140,0,0,0,0,0,0,0,0,0,0,0,0
720,20,0,0,10,2,1,1,1,1362,0,0,51,0,0,0,0.00,-1,1,340,340,0,817,327,0,0,0,218,218,817,0,327,0,0,0,0,0,0,0,0,0,0,0,0
720,20,0,0,11,1,1,0,-1,0,50,0,80,0,5,10,0.00,-1,0,0,0,0,0,0,0,0,0,0,0,0,0,0,0,0,0,0,0,0,0,0,0,0,0,0
720,20,0,0,12,2,1,1,1,1618,0,0,35,0,2,4,0.00,-1,1,404,404,0,970,389,0,0,0,259,259,970,0,389,0,0,0,0,0,0,0,0,0,0,0,0
720,20,0,0,13,2,1,1,1,1814,0,0,37,0,4,8,0.00,-1,1,453,453,0,1088,436,0,0,0,290,290,1088,0,436,0,0,0,0,0,0,0,0,0,0,0,0
720,20,0,0,14,2,1,1,1,0,98,0,80,0,0,0,0.00,-1,0,0,0,0,0,0,0,0,0,0,0,0,0,0,0,0,0,0,0,0,0,0,0,0,0,0
720,20,0,0,15,2,1,1,1,0,50,0,80,0,0,0,0.00,-1,0,0,0,0,0,0,0,0,0,0,0,0,0,0,0,0,0,0,0,0,0,0,0,0,0,0
720,20,0,0,16,2,1,1,1,1274,0,1,51,0,0,0,0.00,-1,1,318,318,0,764,306,0,0,0,204,204,764,0,306,0,0,0,0,0,0,0,0,0,0,0,0
720,20,0,0,17,2,1,1,1,0,50,0,80,0,6,12,0.00,-1,0,0,0,0,0,0,0,0,0,0,0,0,0,0,0,0,0,0,0,0,0,0,0,0,0,0
740,20,0,0,1,1,1,0,-1,300,0,3,57,0,0,0,0.00,-1,1,37,37,0,180,34,0,0,0,86,86,180,0,34,0,0,0,0,0,0,0,0,0,0,0,0
740,20,0,0,2,2,1,1,1,350,0,3,51,0,0,0,0.00,-1,1,87,87,0,210,83,0,0,0,57,57,210,0,83,0,0,0,0,0,0,0,0,0,0,0,0
740,20,0,0,3,2,1,1,1,300,0,0,50,0,0,0,0.00,-1,1,75,75,0,180,72,0,0,0,48,48,180,0,72,0,0,0,0,0,0,0,0,0,0,0,0
740,20,0,0,4,2,1,1,1,83,0,1,51,0,0,0,0.00,-1,1,20,20,0,49,17,0,0,0,17,17,49,0,17,0,0,0,0,0,0,0,0,0,0,0,0
740,20,0,0,5,2,1,1,1,0,100,0,80,0,0,0,0.00,-1,0,0,0,0,0,0,0,0,0,0,0,0,0,0,0,0,0,0,0,0,0,0,0,0,0,0
740,20,0,0,6,2,1,1,1,492,0,0,50,0,0,0,0.00,-1,1,123,123,0,295,118,0,0,0,79,79,295,0,118,0,0,0,0,0,0,0,0,0,0,0,0
740,20,0,0,7,2,1,1,1,198,0,17,50,0,0,0,0.00,-1,1,49,49,0,118,46,0,0,0,34,34,118,0,46,0,0,0,0,0,0,0,0,0,0,0,0
740,20,0,0,8,1,1,0,-1,0,90,0,80,0,7,14,0.00,-1,0,0,0,0,0,0,0,0,0,0,0,0,0,0,0,0,0,0,0,0,0,0,0,0,0,0
740,20,0,0,9,2,1,1,1,737,0,11,51,0,0,0,0.00,-1,1,184,184,0,442,176,0,0,0,119,119,442,0,176,0,0,0,0,0,0,0,0,0,0,0,0
740,20,0,0,10,2,1,1,1,1362,0,0,50,0,0,0,0.00,-1,1,340,340,0,817,327,0,0,0,218,218,817,0,327,0,0,0,0,0,0,0,0,0,0,0,0
740,20,0,0,11,1,1,0,-1,0,50,0,80,0,5,10,0.00,-1,0,0,0,0,0,0,0,0,0,0,0,0,0,0,0,0,0,0,0,0,0,0,0,0,0,0
740,20,0,0,12,2,1,1,1,2940,0,0,36,0,2,4,0.00,-1,1,735,735,0,1764,709,0,0,0,467,467,1764,0,709,0,0,0,0,0,0,0,0,0,0,0,0
740,20,0,0,13,2,1,1,1,1814,0,0,35,0,4,8,0.00,-1,1,453,453,0,1088,436,0,0,0,290,290,1088,0,436,0,0,0,0,0,0,0,0,0,0,0,0
740,20,0,0,14,2,1,1,1,0,98,0,80,0,0,0,0.00,-1,0,0,0,0,0,0,0,0,0,0,0,0,0,0,0,0,0,0,0,0,0,0,0,0,0,0
740,20,0,0,15,2,1,1,1,0,50,0,80,0,0,0,0.00,-1,0,0,0,0,0,0,0,0,0,0,0,0,0,0,0,0,0,0,0,0,0,0,0,0,0,0
740,20,0,0,16,2,1,1,1,1274,0,1,50,0,0,0,0.00,-1,1,318,318,0,764,306,0,0,0,204,204,764,0,306,0,0,0,0,0,0,0,0,0,0,0,0
740,20,0,0,17,2,1,1,1,0,50,0,80,0,6,12,0.00,-1,0,0,0,0,0,0,0,0,0,0,0,0,0,0,0,0,0,0,0,0,0,0,0,0,0,0
760,20,0,0,1,1,1,0,-1,300,0,3,58,0,0,0,0.00,-1,1,37,37,0,180,34,0,0,0,86,86,180,0,34,0,0,0,0,0,0,0,0,0,0,0,0
760,20,0,0,2,2,1,1,1,350,0,3,50,0,0,0,0.00,-1,1,87,87,0,210,83,0,0,0,57,57,210,0,83,0,0,0,0,0,0,0,0,0,0,0,0
760,20,0,0,3,2,1,1,1,300,0,0,51,0,0,0,0.00,-1,1,75,75,0,180,72,0,0,0,48,48,180,0,72,0,0,0,0,0,0,0,0,0,0,0,0
760,20,0,0,4,2,1,1,1,83,0,1,52,0,0,0,0.00,-1,1,20,20,0,49,17,0,0,0,17,17,49,0,17,0,0,0,0,0,0,0,0,0,0,0,0
760,20,0,0,5,2,1,1,1,0,100,0,80,0,0,0,0.00,-1,0,0,0,0,0,0,0,0,0,0,0,0,0,0,0,0,0,0,0,0,0,0,0,0,0,0
760,20,0,0,6,2,1,1,1,492,0,0,51,0,0,0,0.00,-1,1,123,123,0,295,118,0,0,0,79,79,295,0,118,0,0,0,0,0,0,0,0,0,0,0,0
760,20,0,0,7,2,1,1,1,198,0,18,51,0,0,0,0.00,-1,1,49,49,0,118,46,0,0,0,34,34,118,0,46,0,0,0,0,0,0,0,0,0,0,0,0
760,20,0,0,8,1,1,0,-1,0,90,0,80,0,7,14,0.00,-1,0,0,0,0,0,0,0,0,0,0,0,0,0,0,0,0,0,0,0,0,0,0,0,0,0,0
760,20,0,0,9,2,1,1,1,778,0,11,50,0,0,0,0.00,-1,1,194,194,0,466,186,0,0,0,126,126,466,0,186,0,0,0,0,0,0,0,0,0,0,0,0
760,20,0,0,10,2,1,1,1,1362,0,0,51,0,0,0,0.00,-1,1,340,340,0,817,327,0,0,0,218,218,817,0,327,0,0,0,0,0,0,0,0,0,0,0,0
760,20,0,0,11,1,1,0,-1,0,50,0,80,0,5,10,0.00,-1,0,0,0,0,0,0,0,0,0,0,0,0,0,0,0,0,0,0,0,0,0,0,0,0,0,0
760,20,0,0,12,2,1,1,1,3074,0,0,37,0,2,4,0.00,-1,1,768,768,0,1844,740,0,0,0,490,490,1844,0,740,0,0,0,0,0,0,0,0,0,0,0,0
760,20,0,0,13,2,1,1,1,1814,0,0,33,0,4,8,0.00,-1,1,453,453,0,1088,436,0,0,0,290,290,1088,0,436,0,0,0,0,0,0,0,0,0,0,0,0
760,20,0,0,14,2,1,1,1,0,98,0,80,0,0,0,0.00,-1,0,0,0,0,0,0,0,0,0,0,0,0,0,0,0,0,0,0,0,0,0,0,0,0,0,0
760,20,0,0,15,2,1,1,1,0,50,0,80,0,0,0,0.00,-1,0,0,0,0,0,0,0,0,0,0,0,0,0,0,0,0,0,0,0,0,0,0,0,0,0,0
760,20,0,0,16,2,1,1,1,1274,0,1,51,0,0,0,0.00,-1,1,318,318,0,764,306,0,0,0,204,204,764,0,306,0,0,0,0,0,0,0,0,0,0,0,0
760,20,0,0,17,2,1,1,1,0,50,0,80,0,6,12,0.00,-1,0,0,0,0,0,0,0,0,0,0,0,0,0,0,0,0,0,0,0,0,0,0,0,0,0,0
